,wild_mean,wild_var,mutant_mean,mutant_var
0,57.64,20933.8704,57.64,20933.8704
0,175.79,494118.5258999999,175.79,494118.5258999999
0,139.48,378644.7896,16.08,53.43360000000001
0,147.96,581733.4383999999,73.19,36846.7539
0,197.26,827702.4523999998,37.3,744.5699999999998
0,139.08,368476.01359999995,10.19,4.7739
0,96.52,75727.98960000002,106.69,25112.3139
0,82.45,43766.90750000001,40.85,1010.3075000000003
0,158.14,610201.3404000001,19.33,37.1611
0,87.94,59262.01639999998,87.94,59262.01639999998
