,wild_mean,wild_var,mutant_mean,mutant_var
0,2.0,0.0,2.0,0.0
0,2.0,0.0,2.0,0.0
0,2.0,0.0,2.0,0.0
0,2.0,0.0,2.0,0.0
0,2.0,0.0,2.0,0.0
0,2.0,0.0,2.0,0.0
0,2.0,0.0,1.92,0.07359999999999998
0,2.0,0.0,1.88,0.10560000000000004
0,2.0,0.0,2.0,0.0
0,2.0,0.0,2.0,0.0
0,2.0,0.0,1.99,0.009899999999999999
0,2.0,0.0,2.0,0.0
0,2.0,0.0,2.0,0.0
0,2.0,0.0,2.0,0.0
