R,T,m,s,b,survival_mean,survival_var,mutation,gradient
13,56.325412866051,0.138418588718775,0.017919284923888,[1.08170858],14,18,17,3.5
