R,T,m,s,b,survival_mean,survival_var,mutation,gradient
13.0,59.22505544929943,0.15,0.017743758519938375,[1.08170858],11.0,14.0,16,2.5
