R,T,m,s,b,survival_mean,survival_var,mutation,gradient
13.0,9.413327732244086,0.15,0.017743758519938375,[1.21766046],2.0,2.0,4,0.5
