R,T,m,s,b,survival_mean,survival_var,mutation,gradient
10.720957074448503,18.42106601208665,0.09236540080324297,0.028540408702769745,[1.0],6.0,9.0,15,4.5
