R,T,m,s,b,survival_mean,survival_var,mutation,gradient
14.379976957614119,10.710731468353154,0.11591424829021164,0.024920270492249576,[1.0],5.0,9.0,12,5.5
