R,T,m,s,b,survival_mean,survival_var,mutation,gradient
13.0,12.12919161057211,0.15488983718620625,0.025133965750932373,[1.0],10000.0,28.0,5,9.5
