R,T,m,s,b,survival_mean,survival_var,mutations,mutation,gradient
12.0746020094407,12.1291916105721,0.115914248290212,0.0256689115723,[1.0],7,12,8,8,6.5
