R,T,m,s,b,survival_mean,survival_var,mutation,gradient
13.89800607585395,49.782444016234436,0.13988221473748483,0.017743758519938375,[1.21766046],7.0,8.0,17,1.5
