,wild_mean,wild_var,mutant_mean,mutant_var
0,2014.07,14041071.305099998,2014.07,14041071.305099998
