,wild_mean,wild_var,mutant_mean,mutant_var
0,1728.38,10381640.275599996,1728.38,10381640.275599996
