,wild_mean,wild_var,mutant_mean,mutant_var
0,0.025,0.6243750000000003,0.026,0.6753239999999999
