,wild_mean,wild_var,mutant_mean,mutant_var
0,330.05,1929219.7074999998,155.37,21847.653099999996
