,wild_mean,wild_var,mutant_mean,mutant_var
0,135.63,18452.133100000006,135.63,18452.133100000006
